TeamID,TeamName,Points,TransfersLeft,Efficiency
330120807,ROHSUJ1 TABLE TOPPERS,23193.0,20,210.84545454545454
1009810706,ANSATH,22716.0,8,186.19672131147541
16520605,NCY007,22660.5,2,177.03515625
4160902,Rain stopped play,22258.0,12,188.6271186440678
2030801,Rauls Champion 11,22201.5,20,201.8318181818182
10102,Rommys11,22097.5,7,179.65447154471545
17750507,EBITDA X1,22079.0,20,200.71818181818182
17830904,MP TIGERS,22054.0,11,185.32773109243698
1810205,moukStars,22038.0,14,189.98275862068965
52330408,Shahparth23,22037.5,18,196.76339285714286
3700302,Binoy Shah,21880.5,12,185.42796610169492
530910706,Kaizen XI,21877.0,16,191.90350877192984
3160702,UNLUCKY 11,21867.5,6,176.3508064516129
385330309,Super subs,21778.0,20,197.98181818181817
131600904,Wicket Sensation,21747.0,15,189.10434782608695
873590907,FARHAN9,21745.0,0,167.26923076923077
1930605,Naym msmsr,21739.5,25,207.04285714285714
34090609,Team2Beat,21626.5,22,200.24537037037038
10670802,Gaurav M416,21609.0,16,189.55263157894737
804591007,Kabiraa,21590.5,15,187.74347826086955
676010903,Rajputana Royals,21570.5,17,190.88938053097345
4780909,Cricklewood Crushers,21567.5,7,175.34552845528455
1210410,AshirBadAssss 11,21507.0,16,188.6578947368421
4070807,MsdianXI,21479.5,17,190.08407079646017
290906,Maks XI,21439.0,23,200.3644859813084
826300110,GUJJU TITANS,21434.0,26,206.09615384615384
221820701,Nirav631,21427.0,19,193.03603603603602
32070609,broweneyed,21422.0,19,192.99099099099098
780307,HunterRony,21416.0,33,220.7835051546392
35891007,Jigsaw XI,21416.0,20,194.6909090909091
510409,ChaturChanakyas006,21350.0,17,188.93805309734512
62920802,Happening 11,21337.0,23,199.41121495327104
1560406,SHREY11,21318.0,17,188.65486725663717
4010107,C H I L U,21313.5,18,190.29910714285714
90407,Nikhil007,21270.5,7,172.9308943089431
18840606,DushyCSK,21251.5,24,200.48584905660377
1235960805,AJITM8EF,21245.5,0,163.4269230769231
43380307,ShivitGotThePoints,21226.5,32,216.5969387755102
815580207,Javed 111,21216.5,5,169.732
4490908,Immortals,21152.0,21,194.05504587155963
856560508,Lala khara magicians,21150.0,29,209.40594059405942
189600604,ADB264,21131.5,16,185.3640350877193
3420310,Googlee Strikers,21123.5,21,193.79357798165137
36500702,Dips XI,21104.0,20,191.85454545454544
28081005,FANTABULASTICS,21055.0,14,181.50862068965517
9650110,Fine Legs,21004.5,19,189.22972972972974
981850602,Abhishek  04,20954.0,16,183.80701754385964
222460109,Jay32,20936.5,17,185.2787610619469
699980110,The Invinciblesssss,20906.5,13,178.68803418803418
634241006,Archilleas Asylum XI,20857.5,19,187.90540540540542
46030805,Vinsmoke United,20850.0,25,198.57142857142858
445830709,Krishna9993,20835.0,11,175.08403361344537
583230301,Avnendra11,20818.5,11,174.9453781512605
318790709,Prakzz strikers,20799.5,14,179.30603448275863
808610302,Gooner4781,20795.0,30,207.95
93770905,MAHENDR TITANS 45257,20788.0,16,182.35087719298247
22680505,Kopiltiger,20762.0,9,171.58677685950414
320906,Bhuj ThePrideOfIndia,20725.5,15,180.22173913043477
4580909,AK Panthers,20717.0,0,159.36153846153846
646050905,BanglaXI,20704.5,17,183.22566371681415
941920306,hehehehehsiuuuuuu,20686.0,21,189.77981651376146
976810310,KP GENIES,20652.5,12,175.02118644067798
225470109,Jagsswag,20607.5,24,194.41037735849056
385840904,Dexter,20604.0,26,198.1153846153846
476720902,PHARA140PQ,20602.0,15,179.1478260869565
143600203,VIMAL Aburoad,20598.5,16,180.68859649122808
956411003,kya team hai wah,20593.0,15,179.0695652173913
887860303,Vada Pao XI,20580.0,18,183.75
979930501,Mahboob Rahman,20576.5,32,209.96428571428572
600701,Nays BEASTS,20551.5,9,169.84710743801654
588070304,JOKERS,20546.5,20,186.78636363636363
218890905,The Storm Predators Milan,20546.0,22,190.24074074074073
913790806,24PRASH LIONS,20543.5,23,191.99532710280374
662470810,FAKE ID sorry,20537.5,23,191.9392523364486
832530503,DBCStrikers,20506.5,19,184.74324324324326
972040506,DHARIT Chokshi,20503.5,40,227.81666666666666
471381010,Broken Legged  Warrior,20499.0,25,195.22857142857143
27120103,Mumbai Mavriks,20492.0,24,193.32075471698113
273090105,Sahils1103,20488.5,10,170.7375
18450203,Vipra Vipers,20486.0,21,187.94495412844037
493060703,CHANTAL PERFORMERS,20481.5,1,158.77131782945736
853960210,Thugs of IPL,20481.0,12,173.5677966101695
1170505,360 Degree,20470.5,10,170.5875
997900705,mgspandu7,20466.5,30,204.665
17500702,D   S,20446.0,15,177.7913043478261
47530205,Shang Tsung,20428.5,20,185.71363636363637
701380605,Chourey xi,20426.5,32,208.43367346938774
61010103,RamRRR,20426.0,19,184.018018018018
6180902,P k tul,20422.5,9,168.78099173553719
1052220301,Grand Royal RCB,20410.5,23,190.75233644859813
168160102,Super selctor 11,20406.0,21,187.21100917431193
35860704,Hornsunglory,20399.0,14,175.85344827586206
408930204,Visal Pranav,20371.5,16,178.69736842105263
18190207,Namans Underdogs,20367.5,22,188.58796296296296
297110210,Z N M D,20362.0,17,180.1946902654867
393630809,CHAMPIONS XI,20361.0,18,181.79464285714286
55110604,HaresH poweR XI,20351.0,17,180.09734513274336
9510102,NY tigers,20341.0,11,170.9327731092437
715500803,JMIST5XY,20335.5,20,184.86818181818182
256810804,SHASHAD DREAM TEAM,20320.0,12,172.20338983050848
787291004,World beater,20316.5,24,191.66509433962264
1630510,NABLES,20310.0,17,179.73451327433628
897061001,Daund XI,20306.0,18,181.30357142857142
126970208,Madurai Warrior 04,20304.0,17,179.68141592920355
167810705,Bahu the Champion,20289.5,21,186.1422018348624
223000509,PATEL POWERHOUSE,20288.5,23,189.61214953271028
3650505,Daredevil,20285.0,22,187.82407407407408
86710701,TeamtoBeat2022,20282.0,4,160.96825396825398
2180304,Thrombectomy 11,20276.0,9,167.5702479338843
94570105,AjayPrajapati2003,20275.0,15,176.30434782608697
426180508,DBCGirlhasnoname,20233.0,17,179.05309734513276
788810401,DHINESH DS17,20229.0,14,174.38793103448276
72700309,Flamboyantshaz,20223.0,28,198.26470588235293
440405,The Viktor,20220.5,14,174.31465517241378
13650405,BISHESH00,20213.5,33,208.38659793814432
300630801,Surya 32,20199.5,23,188.7803738317757
850250101,Dream of Windies,20183.5,4,160.18650793650792
600960405,Cazadores IPL,20169.0,4,160.07142857142858
2321008,SL Fantasy Fan,20139.5,23,188.2196261682243
44950404,Immortals Spartans 11,20138.5,23,188.21028037383178
65250410,Purushotam123,20136.0,16,176.6315789473684
30930507,Nihan 11,20136.0,17,178.1946902654867
901420403,ANBU18,20127.5,14,173.51293103448276
21570804,ENIGMA 11s,20120.5,16,176.49561403508773
48350202,VISHAL SKYWALKERS,20115.0,9,166.2396694214876
191390704,Dazzling Desai,20103.0,21,184.43119266055047
636440704,EE SAALAA CUP NAMDHE,20102.0,25,191.44761904761904
597010604,bajrangbali106,20086.0,4,159.4126984126984
9930602,HarrysTitans,20077.5,26,193.0528846153846
421740101,Badgotya Enterprises,20067.5,40,222.97222222222223
1200530403,Carry on 11,20062.0,23,187.49532710280374
44201010,Na avan illai,20061.5,22,185.75462962962962
841560708,SharpyyyXI,20060.0,31,202.62626262626262
374820802,Thunder Wolves,20054.5,22,185.6898148148148
30370209,LoRd Siva09,20052.0,15,174.36521739130436
337240903,vasu225716,20039.0,0,154.14615384615385
20310105,Shayu11,20015.5,22,185.3287037037037
790920304,Gotta Catch Em All,20006.0,21,183.54128440366972
1850101,Srirambiram,20004.0,22,185.22222222222223
937920402,ash72x pro,20001.0,16,175.44736842105263
1032700205,Forged Warriors,20000.0,13,170.94017094017093
17950608,Dhannos ballers,19998.5,13,170.92735042735043
482730502,Dukey Dudes,19997.5,28,196.05392156862746
886580304,Manoj9339,19995.5,21,183.44495412844037
385870809,Kartikg Blasters 11,19989.0,9,165.19834710743802
126161008,siddiqrathod786,19987.5,20,181.70454545454547
810605,Comeback Kings11,19984.0,19,180.03603603603602
579110605,kintesh1,19982.5,25,190.3095238095238
537791006,ronitkrranjan,19971.5,20,181.5590909090909
2830805,joshua4569,19968.5,22,184.8935185185185
1182950604,Third man,19958.5,9,164.94628099173553
147531009,zlatan8119,19947.0,24,188.17924528301887
41070808,Sai Prashanth Zeal,19938.0,25,189.88571428571427
4580703,Prashant Linons,19936.5,12,168.95338983050848
159170703,CHOWDUA CHOSEN ONES,19928.0,9,164.69421487603304
5411002,Zandu Balm,19924.0,16,174.7719298245614
9820509,The Lazers,19922.5,16,174.75877192982455
3610110,RASEL Bangla king,19919.0,18,177.84821428571428
508750604,Bhavatmak 11,19918.0,22,184.42592592592592
145460510,Underdogs,19917.0,25,189.68571428571428
333610308,Ashvin 11,19893.5,11,167.17226890756302
2881010,TheUnknownAcquaintance,19889.5,37,213.86559139784947
41020105,RAKESH DEVILS 112929,19881.0,17,175.93805309734512
827400810,Gannu Men,19872.5,16,174.3201754385965
9310803,Rising Virag,19867.0,28,194.77450980392157
55630908,Maharaja Deba,19859.5,27,192.8106796116505
500280202,Pushpa Raj XI,19857.0,22,183.86111111111111
823590301,Khushivireen,19853.0,10,165.44166666666666
5610309,JPWarriors,19846.0,24,187.22641509433961
218141003,World War 3 2022,19843.5,25,188.9857142857143
981960810,Winner230496,19825.5,20,180.23181818181817
3860607,InIPLtoWinIPL,19806.5,17,175.2787610619469
2630402,OptimistXI,19802.0,25,188.59047619047618
686040502,BlackBox11,19794.5,32,201.98469387755102
964960805,1333,19794.0,20,179.94545454545454
833470307,Pandemic Titans,19793.5,0,152.2576923076923
819770708,master     blaster,19791.5,25,188.4904761904762
202000102,ZombieApocalypse,19786.0,10,164.88333333333333
184391002,RIFAT XL WARRIORS,19776.5,12,167.59745762711864
894280108,Mighty Mad Dashers,19773.5,34,205.97395833333334
1120903,NAMO League,19768.5,22,183.04166666666666
238120410,Namr Rasana,19747.5,0,151.90384615384616
759350506,PRB9059,19745.0,9,163.1818181818182
760150909,Tornado sixers,19744.0,22,182.8148148148148
972170807,DHEERAJ99,19742.0,14,170.18965517241378
1008850509,Evolets,19741.0,11,165.890756302521
3710303,patelutsav10,19728.0,12,167.1864406779661
180801,BRAJESH109,19727.5,17,174.5796460176991
49450101,ANNAS Xi,19719.5,28,193.32843137254903
67110302,King Cricket,19714.0,8,161.59016393442624
9320310,ScrapieeXI,19702.5,22,182.43055555555554
10706,DKBose91,19702.0,8,161.49180327868854
1042160809,Rina11 XI,19697.0,13,168.35042735042734
35420510,DHIYAVO,19684.5,13,168.24358974358975
579600103,Baroda Mavericks,19666.5,19,177.17567567567568
587110407,MjTerminator,19648.5,15,170.85652173913044
35690910,Khatam TATA Bye Bye,19637.0,22,181.82407407407408
4710309,ANKURP,19625.5,17,173.6769911504425
86240410,21GrandSlamz,19624.0,22,181.7037037037037
210451004,JPKing1014,19623.0,2,153.3046875
288560601,Kandai XI,19616.5,9,162.1198347107438
175750807,powerplayers,19607.0,16,171.99122807017545
31340710,ViratAb11s,19599.5,18,174.99553571428572
135320901,MALLICK STRIKERS 59450,19593.5,20,178.12272727272727
4510505,MahiiiiiiiwaY,19592.5,19,176.50900900900902
723570807,Varam1012,19590.0,18,174.91071428571428
202250803,JDPatel1992,19585.5,0,150.65769230769232
151350404,alankarabu,19580.5,27,190.10194174757282
48000907,fatafat eleven,19575.0,18,174.77678571428572
922640208,Sage Mode On,19575.0,13,167.30769230769232
826180508,WACC XI,19570.5,8,160.4139344262295
922610701,InCRedible11,19568.5,22,181.1898148148148
675500105,Debaprasanna,19551.5,32,199.50510204081633
862800308,Xtream11,19549.5,28,191.66176470588235
812260903,Covid Busters,19538.5,16,171.390350877193
505200804,KohliPaajiFC,19534.0,25,186.03809523809525
875940801,XI PLASMA PANTHERS,19532.0,0,150.24615384615385
39891004,Tushki,19527.5,27,189.5873786407767
384460306,ROHID860FG,19526.5,16,171.28508771929825
3230808,Bhosdiwale Chacha,19524.5,13,166.8760683760684
463440102,Birinchi Baba,19523.0,29,193.2970297029703
982141010,Chote Bachche,19522.5,8,160.0204918032787
408331006,MI Jadeja,19520.0,1,151.31782945736435
143220308,AVI12792,19515.5,19,175.8153153153153
47960305,KINGS GAMBIT,19506.5,23,182.30373831775702
54730404,Karans Panthers,19494.5,17,172.51769911504425
959950201,Akdhoni7,19484.5,11,163.73529411764707
701400310,Notty Eleven,19482.0,25,185.54285714285714
2090709,Fantasy 99,19478.0,19,175.47747747747746
940030406,Veer warriors35 WY,19475.5,13,166.45726495726495
448280703,Rise of Titans,19467.5,21,178.60091743119267
338050707,DHARA16120FG,19467.0,0,149.74615384615385
39320709,BIJEN CHAUHAN,19460.5,15,169.22173913043477
16810808,Palash Fixers,19458.0,19,175.2972972972973
624860810,PYARP5EF,19454.0,13,166.27350427350427
952330610,Alpha Helix98,19453.0,22,180.12037037037038
811780310,JBL11,19452.0,18,173.67857142857142
35130610,DESAI8003EF,19450.5,37,209.1451612903226
811730702,Dharmil1412,19450.5,41,218.54494382022472
1005471008,Akki To Success,19446.5,25,185.2047619047619
36740710,GANESH TEAM,19441.5,24,183.41037735849056
5470808,Super Sloggers,19433.0,22,179.9351851851852
764990608,Chacha chill,19432.5,19,175.06756756756758
413090208,Revenger,19427.0,34,202.36458333333334
1940109,NoMerCy XI,19425.5,17,171.9070796460177
4390309,DBC APOCALYPZE,19422.0,29,192.2970297029703
820070204,Braveheart,19393.0,9,160.27272727272728
479650910,The Schrodingers,19390.5,25,184.67142857142858
3030304,ANAS SALAH XI,19389.5,16,170.08333333333334
808700103,RKsWarriors,19387.0,21,177.86238532110093
330321007,PANDYA PRABHU,19378.0,16,169.98245614035088
3521003,BRIJESH PALTAN,19375.0,21,177.75229357798165
785690104,ZAININS,19374.5,3,152.5551181102362
801290202,Joshiji XI,19368.5,12,164.13983050847457
276670601,Sam Shah XI,19367.0,17,171.38938053097345
342440804,JATINXX,19362.0,10,161.35
290090403,BlackOcean11,19360.5,27,187.96601941747574
933290301,AMISH1593HI,19360.0,19,174.4144144144144
45920407,Jinal Heroes,19359.0,16,169.81578947368422
17840606,Nar Sarjahas,19354.0,0,148.87692307692308
752990808,VISHN33006Z,19345.5,19,174.28378378378378
50640610,Gangil 11,19344.5,16,169.68859649122808
366890902,Papon Fanclub,19343.0,25,184.21904761904761
276020402,NISHI475CD,19339.5,7,157.23170731707316
1520980407,ABAHIR Unstoppables,19336.0,0,148.73846153846154
7220810,Kalimatha,19335.0,7,157.1951219512195
887350705,Joys fantasy team,19325.0,3,152.16535433070865
3390501,Jhundd,19321.0,23,180.57009345794393
72980304,Nithin Dream Team XI,19321.0,10,161.00833333333333
63650805,Dakul R R R,19320.0,18,172.5
276510605,sanjay patel 6464,19319.0,24,182.25471698113208
12810907,Raiders77777,19319.0,22,178.87962962962962
2730901,Ranchhods Fixers,19316.0,30,193.16
223370410,P square,19315.0,22,178.84259259259258
867110606,Please this time AJ,19313.0,26,185.70192307692307
723220704,brides sister and anwars XI,19312.5,19,173.98648648648648
874520507,Ashish C XI,19309.0,16,169.37719298245614
1900906,Ass20kicker10,19303.5,28,189.25
245870203,Vivekdhola,19297.0,10,160.80833333333334
951301002,IRFAN77HI,19293.0,26,185.5096153846154
35380408,PRISHERN,19286.5,11,162.07142857142858
1372350407,ISHWARY SQUAD 242308,19278.0,0,148.2923076923077
761840404,Afghan Warior,19275.5,21,176.8394495412844
60180910,Vikings1893,19268.5,19,173.5900900900901
340160609,HARDIKV SUPER STRIKERS 11,19268.0,33,198.63917525773195
43551002,MERCVI XI,19267.5,10,160.5625
35830107,Kachchh,19266.5,44,224.02906976744185
181610603,PAPPU13071NO,19266.0,42,218.9318181818182
545720203,Villian0007,19265.0,19,173.55855855855856
806560203,Turkish Griot,19261.0,24,181.70754716981133
7920306,Priyesh9293,19259.0,39,211.63736263736263
842700507,GirishKnightRiders,19236.5,15,167.27391304347827
776560404,Shahs Forehead Snipers,19224.5,24,181.36320754716982
20780606,BirdFlySouth,19223.5,28,188.4656862745098
19670210,NexGen Masters,19214.5,31,194.08585858585857
17360807,JAYPATEL,19210.0,0,147.76923076923077
506140907,PINAL1700,19205.5,0,147.73461538461538
596850803,VlSHESH11,19205.0,22,177.82407407407408
980630207,Buzz2022,19199.5,22,177.77314814814815
998220503,ANDYBEH THALAIVAS,19199.5,3,151.1771653543307
1860309,khurafati bandey,19198.0,28,188.2156862745098
494560301,BALKISHAN 6242,19190.0,18,171.33928571428572
680501,MAYURROYALS11,19187.5,39,210.85164835164835
530990401,INSPECT STARS,19187.5,25,182.73809523809524
362220603,Aayirathil ORUVAN,19183.5,8,157.24180327868854
270660401,Jainils Toxic Vipers,19181.0,16,168.25438596491227
481151010,Jalaj10,19181.0,23,179.26168224299064
4730506,Sahil17V,19167.5,13,163.82478632478632
899021003,MUNZ32,19162.0,19,172.63063063063063
806060310,Hallaaa Boll,19160.0,20,174.1818181818182
790201,Vijay XI,19147.5,27,185.89805825242718
3960407,Hunter29497,19141.0,22,177.2314814814815
539900510,Milan Savaliya,19136.5,15,166.40434782608696
690840906,Unbeatable Spartans,19129.0,17,169.28318584070797
404580901,KDTrey5,19128.5,18,170.79017857142858
243670709,Devwinners,19128.0,16,167.78947368421052
2300504,Vickyrocks,19124.5,10,159.37083333333334
891660702,kd jdcrk,19116.5,0,147.05
11580108,ARUNK263ST,19112.0,12,161.96610169491527
45470709,CHIRAG 11,19109.0,22,176.9351851851852
209790610,JMEHT35YZ,19106.5,6,154.08467741935485
53840503,Fortius11,19091.0,45,224.6
274010806,Hardyks11,19085.5,18,170.40625
226531001,Iconic Ishan Kings,19074.5,15,165.86521739130436
400508,NHL1990,19073.5,16,167.31140350877192
15000206,Nusrat,19072.5,29,188.83663366336634
866060607,NACHI665GH,19070.5,15,165.8304347826087
797100307,Bharat,19070.0,14,164.39655172413794
51130105,WeAreComing,19068.5,22,176.5601851851852
574981006,SUBHANSHUJAIN,19066.0,27,185.10679611650485
3120507,AFRM456MoonMission,19064.5,13,162.94444444444446
610907,VINEET01,19062.0,56,257.5945945945946
3550404,Gill thunderstorm,19049.5,17,168.5796460176991
875921001,Almighty MBA,19047.0,14,164.19827586206895
829480708,Suppper11,19042.0,17,168.5132743362832
175990302,DIPSuperTitans,19041.0,22,176.30555555555554
10240308,Team2022,19034.0,21,174.62385321100916
24740806,Jay the unstoppable XI,19032.0,6,153.48387096774192
25790309,Yodhaa XI,19030.5,18,169.91517857142858
1070206,BEAST26,19029.0,10,158.575
404850303,Ipl2200,19029.0,39,209.1098901098901
730920809,Gopivirat 11,19025.5,0,146.35
859441007,Anil XI,19023.5,19,171.38288288288288
20290504,Vish Legends,19022.5,28,186.4950980392157
16210404,SMAK2907,19021.5,27,184.6747572815534
754941009,AKSHAYD RIDERS 19197,19020.5,9,157.19421487603304
835170309,PUSHPA JUKEGA NAHIN MAIN,19016.5,25,181.1095238095238
12460707,Bhavin Dream killers,19010.5,28,186.37745098039215
402120410,S M Arafath Joy,19009.0,26,182.77884615384616
20210509,JAZZ CHEETAHS,19006.0,9,157.07438016528926
396471010,Jack Fantastic XI,19004.5,20,172.76818181818183
97900206,ASHAR06 LEGENDS,19001.5,2,148.44921875
668070105,Exa Dark X1,19001.5,27,184.48058252427185
937171006,Kingjon,18998.5,19,171.15765765765767
41790610,Shubin You Too Brutus,18987.0,19,171.05405405405406
1344920508,KALINDD PLAYERS,18986.5,18,169.52232142857142
677900708,rangers diehart,18986.0,0,146.04615384615386
46030303,MS101845,18981.0,17,167.97345132743362
227930608,Prathamesh Royals,18979.5,11,159.49159663865547
67180406,Aniruddh OP,18973.0,5,151.784
159510906,Inderpreet 11,18969.5,8,155.4877049180328
222100106,Vasu Kalaria,18966.5,13,162.10683760683762
347030804,MARUTI Bangaligida,18964.5,18,169.32589285714286
876871007,KUNALDAM,18954.5,27,184.0242718446602
2960201,Raging Mustangs,18953.0,23,177.13084112149534
949340507,R KINGS,18941.0,25,180.3904761904762
266600701,Daddys xi,18940.0,16,166.140350877193
438080406,ajayamar7,18936.0,11,159.12605042016807
1019690702,Diyansh,18935.5,36,201.44148936170214
930340602,Abhi7290,18918.5,35,199.1421052631579
461420310,DreiS,18917.0,21,173.55045871559633
824470104,Number1,18917.0,29,187.2970297029703
57340409,Fantasy TC,18915.5,6,152.54435483870967
350200309,anandtm,18915.5,37,203.39247311827958
834620105,AGGARWA SUPERXI 112423,18911.5,0,145.47307692307692
39240301,Lokie xi,18906.5,30,189.065
2051005,Shashank  X1,18906.0,28,185.35294117647058
240607,Abhishek Assassins,18904.0,22,175.03703703703704
40010606,AKSHAY,18900.0,0,145.3846153846154
75000701,SHAHN365HI,18898.5,29,187.1138613861386
88970506,NAWIN DREAM 11,18897.5,17,167.23451327433628
5100909,Riajul,18892.5,14,162.86637931034483
457650106,GKN5289,18889.5,35,198.83684210526314
503300406,RiawN club,18882.5,20,171.6590909090909
1028050808,Maxwell eleven,18879.5,24,178.10849056603774
77970903,Team Bangladesh,18878.5,21,173.19724770642202
81430108,Vikas Dream Riders,18875.0,25,179.76190476190476
437290806,Gokulk555,18874.0,17,167.02654867256638
516010605,Karuppaiah,18867.5,17,166.96902654867256
555950804,SINGHANIAFANTASY,18860.5,29,186.73762376237624
454440210,Royalprince 2211,18860.0,3,148.50393700787401
251890608,Crickzyy,18858.5,19,169.8963963963964
636640103,Sahil1706,18854.5,19,169.86036036036037
449910404,d15hant,18847.0,29,186.6039603960396
837020610,DragonKale,18847.0,16,165.32456140350877
2641005,dukes XI,18845.0,0,144.96153846153845
4290302,Thanos se na ho payega,18841.5,25,179.44285714285715
153370701,Shackson Ryders,18841.5,17,166.73893805309734
910060801,Cherrys Comrades,18841.0,26,181.16346153846155
1145030204,sandysbadboyz,18838.5,20,171.2590909090909
35230804,Snow Kids,18832.0,17,166.65486725663717
991670804,rohitrrubhu,18831.5,0,144.8576923076923
1414130804,Ktkudupa,18828.0,29,186.41584158415841
824140506,sidioms,18824.0,15,163.68695652173912
72111002,SANKET KA TOOFAN,18821.5,25,179.25238095238095
826950601,CRICNIXXI,18817.5,27,182.69417475728156
94410405,LamonChilly11,18812.5,18,167.96875
19640406,Buster Himen,18805.5,4,149.25
768910210,Kakadiya warriors,18805.0,27,182.5728155339806
830500802,Shrey963,18803.0,22,174.10185185185185
963630301,NEEL11,18801.0,24,177.3679245283019
9850310,SHLOKDA HITTERS,18800.5,15,163.48260869565217
388980901,DBALIONS,18798.0,31,189.87878787878788
303060109,Soul Ind XI,18796.5,23,175.66822429906543
16290101,Blazers,18790.0,23,175.60747663551402
38230706,ZHeroes,18786.5,26,180.63942307692307
77210806,Hurricanes11,18783.0,25,178.88571428571427
1031690402,Kumar XII,18780.0,17,166.1946902654867
955680410,VidzzBlasters,18776.5,29,185.90594059405942
41640510,Sukanta Riders XI,18776.0,34,195.58333333333334
15430902,Dream fantasy X1,18772.0,41,210.92134831460675
68371008,Subhakimi,18772.0,31,189.6161616161616
385000107,KartikChampions,18772.0,29,185.86138613861385
70490104,SAIKEERTHAN 23,18767.0,21,172.1743119266055
760202,Sigma Squad,18767.0,28,183.99019607843138
444981007,Karnavati Titans,18767.0,28,183.99019607843138
2730201,Dipen23,18759.5,24,176.97641509433961
770110,soumya deep,18759.5,17,166.0132743362832
889680906,PATENI3NO,18749.0,9,154.9504132231405
375930906,Lord 11,18748.0,17,165.91150442477877
580302,Vintage Gamers,18736.0,25,178.43809523809523
41661006,GGT 11,18736.0,12,158.77966101694915
961540607,Nalle Namune,18735.0,30,187.35
45800410,CHANZzz,18733.5,18,167.26339285714286
18951009,Ahmedabad Strikers,18725.5,23,175.00467289719626
938590305,Gujarat gorillas,18720.0,24,176.60377358490567
1000201,WILLY XI,18719.0,31,189.08080808080808
178390606,VaibhavChampions11,18717.5,27,181.7233009708738
533481009,IPL2022 Winner XI,18715.5,45,220.18235294117648
1711010,Parthzilla,18715.5,19,168.6081081081081
1209310306,RUPAKPA RECORDSETTERS 238746,18702.0,41,210.13483146067415
14250305,Santwick,18699.0,23,174.7570093457944
547880710,devveersinh,18697.5,39,205.46703296703296
105650203,sSAHIL,18694.0,26,179.75
772620309,Chennai Dynamos,18682.0,22,172.9814814814815
76611002,Gladiators 26,18680.0,0,143.69230769230768
397900508,11Sparatans,18679.5,21,171.37155963302752
590620706,CONRAD,18676.5,19,168.25675675675674
284900604,DURGAK130,18672.0,19,168.21621621621622
3740601,Pushparaj,18669.5,7,151.78455284552845
1245870605,Sachin gupta 3893vk,18669.0,9,154.28925619834712
813660505,Styles XI,18668.5,10,155.57083333333333
539440108,KUSHWAHA KHILADHI,18667.0,18,166.66964285714286
2000407,sp0052,18666.5,43,214.55747126436782
144701010,Incredible 11,18666.5,20,169.69545454545454
1023690706,VatsXI,18662.5,8,152.97131147540983
694020610,maapuja,18659.0,3,146.92125984251967
230000305,RUSHIk12310,18658.5,36,198.49468085106383
833720501,RCB123456789,18652.0,3,146.86614173228347
131260605,Shakti Putra,18647.5,30,186.475
1038080502,Kronzzy11,18647.5,15,162.15217391304347
3520304,AK2906,18646.0,24,175.9056603773585
156900105,DINESH,18642.0,21,171.0275229357798
182920510,Satish Verma ,18641.0,22,172.60185185185185
1165471006,BL33D R3D,18640.5,26,179.23557692307693
13950905,SHAFIQ6 WINNERS,18640.0,0,143.3846153846154
979730909,WeRThe1,18628.5,0,143.29615384615386
29780307,MAN UTD XI,18624.5,7,151.41869918699186
539360605,RAMANB844GH,18624.5,28,182.59313725490196
3280104,Soni Superstars,18619.0,37,200.20430107526883
705321007,NANDAKUMAR11,18617.5,27,180.75242718446603
944190910,MavericksXI,18613.5,19,167.6891891891892
821000502,sugan5555,18613.5,17,164.7212389380531
572400909,Bishwa XI,18613.0,27,180.70873786407768
200707,Theri Boys CSK,18610.5,26,178.9471153846154
997791007,JAMESYO SCORERS,18604.5,8,152.49590163934425
43001001,Mersal11 of Dhinesh,18601.0,22,172.2314814814815
813900101,COME ON ASHHH,18598.5,25,177.12857142857143
831951006,Kanhai,18596.0,12,157.59322033898306
271990201,Dream 11 King 07,18590.5,3,146.38188976377953
107240109,AshuAJA,18588.5,20,168.98636363636365
715780408,Britannica,18588.0,9,153.6198347107438
828430406,zehari cobra,18588.0,18,165.96428571428572
98810706,NeverNeuTral18,18586.5,14,160.22844827586206
923810508,Uthappam XI,18585.5,26,178.70673076923077
33701002,Smits Sexy Team,18580.5,15,161.5695652173913
733431005,JamnagarJalsaXI,18578.5,25,176.93809523809523
12910902,Blaugrana 1111,18572.5,19,167.31981981981983
917400308,Shivam Ke Dhurandhar,18572.5,15,161.5
752790410,Risham kings,18570.5,16,162.89912280701753
1013680208,Matrix Mandai,18558.0,21,170.25688073394497
16430108,SuperShiva,18552.5,8,152.06967213114754
785250501,Wasting Time,18551.5,18,165.63839285714286
227450407,HARDIK1859EF,18538.5,5,148.308
420106,A Tribute to DADA,18538.5,21,170.07798165137615
685560105,Shiva2526,18537.5,21,170.06880733944953
31020701,BHAGIRATHI BHOL,18535.5,20,168.50454545454545
58070702,Shreedhar BM,18534.0,32,189.12244897959184
479481008,Lehara Do,18529.0,19,166.92792792792793
3600806,DRMANISH,18528.0,33,191.01030927835052
